sample_id,label,measure,thai,tien,dinh,agree
OVH05,attached_hazard,count,2,2,2,1
OVH05,attached_hazard,attr:hazard_type,oversized_cargo|oversized_cargo,oversized_cargo|oversized_cargo,oversized_cargo|oversized_cargo,1
OVH05,attached_hazard,attr:needs_review,false|false,false|false,false|false,1
OVH05,attached_hazard,attr:side,left|right,left|right,left|right,1
OVH05,vehicle,count,1,1,1,1
OVH05,vehicle,attr:has_hazard,true,true,true,1
OVH05,vehicle,attr:occluded,false,false,false,1
OVH05,vehicle,attr:truncated,false,false,false,1
OVH05,vehicle,attr:vehicle_type,motorcycle,motorcycle,motorcycle,1
OVH06,attached_hazard,count,0,0,0,1
OVH06,vehicle,count,0,0,0,1
OVH07,attached_hazard,count,0,0,0,1
OVH07,vehicle,count,0,0,0,1
OVH08,attached_hazard,count,1,1,1,1
OVH08,attached_hazard,attr:hazard_type,oversized_cargo,oversized_cargo,oversized_cargo,1
OVH08,attached_hazard,attr:needs_review,false,false,false,1
OVH08,attached_hazard,attr:side,left,left,left,1
OVH08,vehicle,count,1,1,1,1
OVH08,vehicle,attr:has_hazard,true,true,true,1
OVH08,vehicle,attr:occluded,false,false,false,1
OVH08,vehicle,attr:truncated,false,false,false,1
OVH08,vehicle,attr:vehicle_type,motorcycle,motorcycle,motorcycle,1
OVH09,attached_hazard,count,3,3,3,1
OVH09,attached_hazard,attr:hazard_type,oversized_cargo|oversized_cargo|oversized_cargo,oversized_cargo|oversized_cargo|oversized_cargo,oversized_cargo|oversized_cargo|oversized_cargo,1
OVH09,attached_hazard,attr:needs_review,false|false|false,false|false|false,false|false|false,1
OVH09,attached_hazard,attr:side,left|rear|right,left|rear|right,left|rear|right,1
OVH09,vehicle,count,1,1,1,1
OVH09,vehicle,attr:has_hazard,true,true,true,1
OVH09,vehicle,attr:occluded,false,false,false,1
OVH09,vehicle,attr:truncated,false,false,false,1
OVH09,vehicle,attr:vehicle_type,motorcycle,motorcycle,motorcycle,1
OVH10,attached_hazard,count,0,0,0,1
OVH10,vehicle,count,0,0,0,1
OVH11,attached_hazard,count,1,1,1,1
OVH11,attached_hazard,attr:hazard_type,protruding_load,protruding_load,protruding_load,1
OVH11,attached_hazard,attr:needs_review,false,false,false,1
OVH11,attached_hazard,attr:side,rear,rear,rear,1
OVH11,vehicle,count,1,1,1,1
OVH11,vehicle,attr:has_hazard,true,true,true,1
OVH11,vehicle,attr:occluded,false,false,false,1
OVH11,vehicle,attr:truncated,false,false,false,1
OVH11,vehicle,attr:vehicle_type,truck,truck,truck,1
