sample_id,split,tags,reason
OVH01,example,normal,"Xe tải chở sắt thép thò sau thùng: minh hoạ box xe chuẩn + hazard rear + Group"
OVH02,example,normal,"Ô tô đỗ mở cửa về phía lòng đường: minh hoạ open_door, side theo thân xe"
OVH03,example,edge,"Xe máy chở thùng hàng rộng hơn tay lái hai bên: minh hoạ hai hazard left/right cùng một xe"
OVH04,example,negative,"Xe tải chở hàng chất cao nhưng gọn trong thùng: minh hoạ không vẽ hazard"
OVH05,calibration,edge;ambiguity,"Cửa xe hé mở nhỏ, sát ngưỡng 10%: thử ngưỡng vẽ và needs_review"
OVH06,calibration,edge;occlusion,"Xe máy chở hàng bị xe khác che một phần: thử vẽ phần nhìn thấy"
OVH07,calibration,edge,"Xe tải/xe ba gác chở ống hoặc cây dài thò ra phía trước: thử side=front và điểm xa nhất"
OVH08,calibration,edge,"Ô tô mở cốp sau: thử open_door side=rear và ranh giới thân xe"
OVH09,calibration,edge;conflict,"Xe ba gác chở hàng cồng kềnh vượt cả chiều dài lẫn bề ngang: thử một hay nhiều box hazard"
OVH10,calibration,negative;edge,"Hàng chất cao trên nóc/thùng nhưng không thò khỏi mép: thử rule không vẽ hazard"
OVH11,calibration,low_visibility;edge,"Ban đêm hoặc ngược sáng, hàng thò sau xe: thử rule chỉ vẽ khi thấy đường viền"
OVH12,blind,normal,"Ô tô đỗ ven đường mở cửa rõ ràng (cảnh khác OVH02)"
OVH13,blind,edge;conflict,"Xe máy chở hàng cồng kềnh giữa nhiều xe máy khác: thử gắn hazard đúng xe"
OVH14,blind,edge;occlusion,"Hàng thò ra bị xe khác che một phần, không thấy hết điểm xa nhất"
OVH15,blind,critical,"Xe tải chở sắt thép/vật liệu dài thò ra ngay phía trước xe mình, trong làn"
OVH16,blind,ambiguity,"Cửa xe hé hoặc hàng buộc sát mép, khó biết có vượt ngưỡng"
