sample_id,decision_id,expected,severity,kind,peer_evidence,correct,note
OVH12,d1,vehicle car has_hazard=true cho ô tô đỗ ven đường; box theo thân xe cửa đóng,major,decision,attached_hazard [hazard_type=open_door;needs_review=false;side=left] | vehicle [has_hazard=true;vehicle_type=car],1,Đã vẽ vehicle car và has_hazard=true chuẩn
OVH12,d2,attached_hazard open_door side=left cùng Group với ô tô d1,major,decision,attached_hazard [hazard_type=open_door;needs_review=false;side=left] | vehicle [has_hazard=true;vehicle_type=car],1,Đã vẽ attached_hazard open_door side=left
OVH12,d3,"geometry: box ô tô không bao gồm cánh cửa mở, lệch ≤3 px mỗi cạnh",minor,geometry,attached_hazard [hazard_type=open_door;needs_review=false;side=left] | vehicle [has_hazard=true;vehicle_type=car],1,Box vehicle chuẩn không chứa cửa mở (lệch <= 3px)
OVH13,d1,"attached_hazard oversized_cargo cùng Group với đúng xe máy chở hàng cồng kềnh, không gắn nhầm xe bên cạnh",major,decision,attached_hazard [hazard_type=oversized_cargo;needs_review=false;side=left] | vehicle [has_hazard=true;vehicle_type=motorcycle],1,Gắn hazard oversized_cargo đúng xe máy
OVH13,d2,vehicle motorcycle has_hazard=true cho xe máy chở thùng hàng cồng kềnh,major,decision,attached_hazard [hazard_type=oversized_cargo;needs_review=false;side=left] | vehicle [has_hazard=true;vehicle_type=motorcycle],1,Đã vẽ vehicle motorcycle has_hazard=true
OVH14,d1,"attached_hazard protruding_load, needs_review=true (hàng thò ra bị xe khác che một phần, không thấy điểm xa nhất)",major,decision,attached_hazard [hazard_type=protruding_load;needs_review=true;side=rear] | vehicle [has_hazard=true;vehicle_type=truck],1,Đã gán needs_review=true cho hazard bị che
OVH14,d2,vehicle truck has_hazard=true cho xe tải chở hàng bị che,minor,decision,attached_hazard [hazard_type=protruding_load;needs_review=true;side=rear] | vehicle [has_hazard=true;vehicle_type=truck],1,Đã gán vehicle truck has_hazard=true
OVH15,d1,có attached_hazard protruding_load side=rear cho vật liệu thò sau xe tải ngay phía trước trong làn xe mình,critical,decision,attached_hazard [hazard_type=protruding_load;needs_review=false;side=rear] | vehicle [has_hazard=true;vehicle_type=truck],1,Đã vẽ hazard protruding_load side=rear
OVH15,d2,vehicle truck has_hazard=true và box xe KHÔNG bao gồm phần vật liệu thò ra phía sau,critical,decision,attached_hazard [hazard_type=protruding_load;needs_review=false;side=rear] | vehicle [has_hazard=true;vehicle_type=truck],1,Box vehicle truck khớp thân xe không ôm hazard
OVH16,d1,ESCALATE: attached_hazard có needs_review=true hoặc ảnh có tag image_escalate,major,decision,attached_hazard [hazard_type=oversized_cargo;needs_review=true;side=right] | image_escalate,1,Đã gán tag image_escalate và needs_review=true
